course,list,name,offered_w,offered_s,offered_f,easiness_rating,easiness_count,usefulness_rating,usefulness_count,interest_rating,interest_count,description
BIOL 130,INSE,Introductory Cell Biology,False,False,False,0.5573122529644269,253,0.8683127572016461,243,0.6204379562043796,274,An introduction to the concepts of cell biology with emphasis on (1) the structural organization of the cell and (2) the function of critical molecular processes that are characteristic of living organisms.
BIOL 240,INSE,Fundamentals of Microbiology,False,False,False,0.5702479338842975,121,0.8301886792452831,106,0.7954545454545454,132,"Introduction to the biology of bacterial and archaeal organisms. Topics include cell structure and function, methods of cultivation, genetics, phylogeny and taxonomy, and metabolic and genetic diversity."
BIOL 273,INSE,Principles of Human Physiology 1,False,False,False,0.30392156862745096,102,0.9292929292929293,99,0.7982456140350878,114,"The physiology of major organ systems of the human body. Topics include neurophysiology and peripheral nervous system, muscle, the cardiovascular system, the components of blood, respiratory system and immune system. The combination of BIOL 273 and BIOL 373 covers all of the major topics of human physiology."
CHEM 123,INSE,"Chemical Reactions, Equilibria and Kinetics",False,False,False,0.5633802816901409,142,0.8368794326241135,141,0.6335403726708074,161,"Properties of liquids and solutions. Introduction to chemical equilibria. Principles of acid-base equilibria, solubility and electrochemical processes. Chemical kinetics."
CHEM 237,INSE,Introductory Biochemistry,True,False,True,0.2727272727272727,44,0.8205128205128205,39,0.425531914893617,47,"An introduction to the chemistry of amino acids, carbohydrates, lipids and nucleic acids. Structure and properties of proteins and enzymes. [Offered: F,W, S]"
CHEM 262,INSE,Organic Chemistry for Engineering,False,False,True,0.2,5,1.0,3,0.6666666666666666,6,"Bonding, structure and nomenclature in organic chemistry. Physical properties and simple reactions associated with the important functional groups.[Offered: F,W]"
ECE 403,INSE,Thermal Physics,False,False,True,0.16666666666666666,6,0.0,5,0.3333333333333333,6,"Temperature and thermodynamic equilibrium. Work, internal energy and heat; first law, with examples. Kinetic theory of gases. Basic probability theory. Microscopic states and entropy. Absolute temperature, reversibility and the second law. Thermodynamic Functions and Maxwell's relations. Phase transitions. Third Law. Other applications of thermodynamics. [Formerly PHYS 258. Offered: F, S]"
ECE 404,INSE,Geometrical and Physical Optics,False,False,True,0.0,0,0.0,0,0.0,0,"Electromagnetic waves and the nature of light. Geometrical optics, aberrations. Physical Optics: interference, Fraunhofer and Fresnel diffraction, polarization. Optical instruments. [Offered: F, W]"
ECE 405,INSE,Introduction to Quantum Mechanics,False,False,False,1.0,1,1.0,1,1.0,1,"Introduction to quantization, wave-particle duality and the uncertainty principle The Schroedinger equation and solvable examples. Topics will include stationary states of particle-in-a-box, harmonic oscillator and the hydrogen atom. Quantization of angular momentum and spin. Introduction to approximation methods including time-independent perturbation theory. Modern applications of quantum mechanics. [Offered: W]"
ENVS 200,INSE,Field Ecology,False,False,False,0.5344827586206896,58,0.7166666666666667,60,0.639344262295082,61,"Introduces the main concepts and principles of ecology; the cycling of elements; energetics and structural organization of major ecological systems; population dynamics; impact of natural resource management practices and urban and industrial development on the environment; incorporating environmental quality considerations into development activities. The lab sessions include field trips to study natural and disturbed ecosystems, urban and applied ecology."
NE 122,INSE,Organic Chemistry for Nanotechnology Engineers,False,False,False,0.4,15,1.0,14,0.9473684210526315,19,"Nomenclature, stereochemistry and reactions of important classes of organic compounds. Reaction mechanisms and energetics. Aromaticity and simple molecular orbital theory of conjugated systems. [Offered: W]"
BIOL 110,NSE,Introductory Zoology,False,False,False,0.3620689655172414,58,0.5714285714285714,56,0.7540983606557377,61,A study of the functional morphology of selected animals with special emphasis on the various grades of organization and development in the different phyla. [Offered: F]
BIOL 130,NSE,Introductory Cell Biology,False,False,False,0.5573122529644269,253,0.8683127572016461,243,0.6204379562043796,274,An introduction to the concepts of cell biology with emphasis on (1) the structural organization of the cell and (2) the function of critical molecular processes that are characteristic of living organisms.
BIOL 150,NSE,Organismal and Evolutionary Ecology,False,False,False,0.6790123456790124,81,0.5540540540540541,74,0.75,84,"This course provides students with an introduction to the basic principles of Scientific Reasoning, Ecology and Evolution. Coverage includes hypothesis testing and the nature of scientific inquiry, basic population genetics, physiological ecology, life histories, dispersal, basic population and community ecology, macroevolution, systematics and classification, as well as functional morphology. [Formerly BIOL 250. Offered: F]"
BIOL 165,NSE,Diversity of Life,False,False,False,0.2727272727272727,33,0.4666666666666667,30,0.4594594594594595,37,"An introduction to the diversity of living organisms from simple prokaryotes to complex eukaryotes. Current ideas on classification and phylogeny will be compared with traditional schemes. Morphology, ecology, and economic uses of representative Phyla and Divisions will be discussed. [Formerly BIOL 265. Offered: W]"
BIOL 211,NSE,Introductory Vertebrate Zoology,False,False,False,0.4117647058823529,17,0.75,16,0.7222222222222222,18,"An introduction to the structure, evolution and development of vertebrate organ systems. [Offered: W]"
BIOL 240,NSE,Fundamentals of Microbiology,False,False,False,0.5702479338842975,121,0.8301886792452831,106,0.7954545454545454,132,"Introduction to the biology of bacterial and archaeal organisms. Topics include cell structure and function, methods of cultivation, genetics, phylogeny and taxonomy, and metabolic and genetic diversity."
BIOL 241,NSE,Introduction to Applied Microbiology,True,False,False,0.71875,32,0.7096774193548387,31,0.5641025641025641,39,"Introduction to microbial ecology, environmental microbiology, food microbiology and medical microbiology. Topics in environmental microbiology include biogeochemical cycling and biological treatment of wastes and pollutants. Topics in medical microbiology include concepts of immunology and host-parasite relationships. [Offered: W,S]"
BIOL 273,NSE,Principles of Human Physiology 1,False,False,False,0.30392156862745096,102,0.9292929292929293,99,0.7982456140350878,114,"The physiology of major organ systems of the human body. Topics include neurophysiology and peripheral nervous system, muscle, the cardiovascular system, the components of blood, respiratory system and immune system. The combination of BIOL 273 and BIOL 373 covers all of the major topics of human physiology."
CHE 161,NSE,Engineering Biology,True,False,False,0.4,15,0.6,15,0.6428571428571429,14,"Introduction to basic concepts of biochemistry and cell biology. Overview of the chemistry of amino acids, carbohydrates, lipids and nucleic acids. Properties and functions of biopolymers. Elements of cell structure and diversity, and relationship of biochemistry with cell metabolism. A focus on biotechnologically relevant examples such as biomimetic engineering design, proteomics, system biology and high throughput biology. [Offered: W, S]"
CHEM 123,NSE,"Chemical Reactions, Equilibria and Kinetics",False,False,False,0.5633802816901409,142,0.8368794326241135,141,0.6335403726708074,161,"Properties of liquids and solutions. Introduction to chemical equilibria. Principles of acid-base equilibria, solubility and electrochemical processes. Chemical kinetics."
CHEM 209,NSE,Introductory Spectroscopy and Structure,False,False,False,0.42857142857142855,28,0.6923076923076923,26,0.625,32,"The nature of electromagnetic radiation and an elementary outline of quantum mechanics in one dimension. For each of microwave, infrared, Raman, electronic, photoelectron, and nuclear magnetic resonance spectroscopy, the nature of the molecular energy levels involved and the type of molecular information that can be obtained using it are examined. [Offered: F]"
CHEM 217,NSE,Chemical Bonding,False,False,False,0.0,1,1.0,1,1.0,1,"Atomic and molecular structure. Molecular symmetry. Localized bonding models. Molecular orbital theory. Structures of solids. [Not open to students in the following plans: Biochemistry, Chemical Physics, Chemistry, Computational Science (Biochemistry Specialization), Computational Science (Chemistry Specialization), Geochemistry, Science and Business (Biochemistry Specialization), Science and Business (Chemistry Specialization). Offered: F]"
CHEM 237,NSE,Introductory Biochemistry,True,False,True,0.2727272727272727,44,0.8205128205128205,39,0.425531914893617,47,"An introduction to the chemistry of amino acids, carbohydrates, lipids and nucleic acids. Structure and properties of proteins and enzymes. [Offered: F,W, S]"
CHEM 254,NSE,Introductory Chemical Thermodynamics,True,False,False,0.625,16,0.8125,16,0.5882352941176471,17,"An introduction to the first, second and third laws of thermodynamics and the application of these laws to ideal systems, mixtures, and chemical reactions. Thermodynamic principles are used to study changes in state, including phase changes, and to establish the link between the equilibrium constant and the properties of the substances involved in a chemical reaction. [Offered: W,S]"
CHEM 262,NSE,Organic Chemistry for Engineering,False,False,True,0.2,5,1.0,3,0.6666666666666666,6,"Bonding, structure and nomenclature in organic chemistry. Physical properties and simple reactions associated with the important functional groups.[Offered: F,W]"
CHEM 266,NSE,Basic Organic Chemistry 1,False,False,False,0.19047619047619047,84,0.8461538461538461,78,0.5789473684210527,95,"Structure, nomenclature and reactions of important classes of organic compounds. Stereochemistry and its role in reaction mechanisms. [Offered: F]"
CHEM 356,NSE,Introductory Quantum Mechanics,False,False,False,0.5,2,1.0,2,0.5,2,"Historical background; the differential equation approach to quantum mechanics; treatments of solvable problems such as the particle-in-a-box, harmonic oscillator, rigid rotator and the hydrogen atom; introduction to approximation methods for more complicated systems."
CHEM 404,NSE,Physicochemical Aspects of Natural Waters,False,False,False,0.0,0,0.0,0,0.0,1,"Organic (natural and synthetic) chemicals in the environment. Environmental fate of organic pollutants. Environmental (solar) photochemistry. Technologies for water and wastewater treatment (microorganisms in water purification, direct photolysis, advanced redox processes, municipal and industrial water treatment, groundwater treatment). [Offered: F]"
EARTH 121,NSE,Introductory Earth Sciences,False,False,False,0.8533333333333334,75,0.38571428571428573,70,0.5897435897435898,78,"This course explores the geological processes of the Earth's interior and surface. These include volcanism, earthquakes, mountain building, glaciation and weathering. Students will gain an appreciation of how these processes have controlled the evolution of our planet and the role of geology in meeting society's current and future demand for sustainable energy and mineral resources."
EARTH 122,NSE,Introductory Environmental Sciences,False,False,False,0.84,25,0.4166666666666667,24,0.36,25,"This course presents a broad overview of earth system processes and their influence on humans. Course emphasis is placed on anthropogenic impacts on natural systems, the impacts of geologic, biologic, and atmospheric processes on humans, and the effects of human activities on the environment. Course topics include sustainable development and the availability and use of natural resources, principles of ecology and environmental science, biogeochemical cycles, climate and climate change, soils and food supply, energy systems, surface water and groundwater, waste generation and management, pollution, and catastrophic natural processes."
EARTH 123,NSE,Introductory Hydrology,False,False,False,0.8571428571428571,14,0.7857142857142857,14,0.8823529411764706,17,"Introduction to the main components of the hydrologic cycle including precipitation processes, evapotranspiration, soil water and groundwater flow, and surface water features. Emphasis will be placed on the atmospheric and geologic processes controlling water movement in the cycle at the global and local scales. Examples related to environmental impacts of urbanization and land-use management will be stressed. [Offered: F]"
EARTH 221,NSE,Geochemistry 1,True,False,False,0.18181818181818182,11,0.7272727272727273,11,0.6363636363636364,11,"Origin, abundance and geochemistry of elements. Introduction to stable isotope geology and radiometric dating. Basic aqueous geochemistry. [Offered: W,S]"
EARTH 270,NSE,Disasters and Natural Hazards,False,False,False,1.0,5,0.6,5,0.4,5,"The course will examine the physical causes and affects of natural disasters including landslides, snow avalanches, earthquakes, tsunamis, hurricanes, tornadoes, flooding, subsidence, volcanic eruptions and asteroid impacts. Illustrated by case histories, the course will analyse the factors that lead to disasters. The effect of climate change, human activity, and population growth on the magnitude and frequency of disasters will be explored. The course will introduce the basic principles of Geo-Risk management and its applications in natural hazards engineering, in the development of mitigation strategies and in the re-insurance industry. [Offered: W]"
EARTH 281,NSE,Geological Impacts on Human Health,False,False,False,1.0,2,0.5,2,0.5,2,The importance of geology to health. This includes examining the effects of volcanic gases and dust and other aerosols; tracing the sources and impacts of metals and other naturally occurring geological materials in the Earth's hydrosphere and crust; geology and the bioaccumulation of metals; and distinguishing natural versus anthropogenic processes on the geochemical distribution of toxic material in the near-surface environment. [Offered: W]
ECE 209,NSE,Electronic and Electrical Properties of Materials,False,False,True,0.23809523809523808,21,0.7272727272727273,22,0.43478260869565216,23,"Review of wave-particle duality, basic quantum mechanics, Schrodinger equation, energy bands in crystals, basic properties of semiconductors, intrinsic and doped semiconductors, electrons and holes, metals and alloys, superconductivity, phonons and heat capacity, dielectric materials, optical properties, dielectric properties and magnetic properties of materials. [Offered: F, S]"
ENVE 275,NSE,Environmental Chemistry,False,False,False,1.0,1,0.0,0,0.0,0,"Overview of risk, biosphere compartments and contaminant fate. Composition of water. Electroneutrality and activity. Reactions and speciation including reaction kinetics, mass transfer, vapor pressure, equilibrium, and chemical thermodynamics. Equilibrium chemistry including Log-concentration diagrams, titration and buffering intensity, dissolution/precipitation, carbonate system, hardness, and complex formation. Classification, nomenclature, physical/chemical parameters and partitioning of organic compounds. Basic redox chemistry including: half cell reactions, Faraday and Nernst equations, and pE-pH diagrams. Four labs. [Offered: W]"
ENVE 276,NSE,Environmental Biology and Biotechnology,False,False,False,0.5,2,0.0,1,0.5,2,"Basic environmental microbiology and biology with a focus on understanding the principles governing microbial growth and activity and the function of natural, perturbed and engineered systems. Topics include basic microbial functions, microbial population growth and limiting factors, microbial community structure, and the interactions between microbes and their chemical environment. Brief introduction to the application of biological processes to remove contaminants in natural and engineered systems. [Offered: F]"
PHYS 234,NSE,Quantum Physics 1,False,False,False,0.45161290322580644,31,0.8666666666666667,30,0.8387096774193549,31,"Background of quantum physics. Introduction to formalism of quantum physics. Introduction to operators. Quantization, waves and particles. The uncertainty principle. The Schroedinger equation for one-dimensional problems: bound states in square wells. Harmonic oscillator; transmission through barriers."
PHYS 263,NSE,Classical Mechanics and Special Relativity,True,False,False,0.3333333333333333,15,0.8461538461538461,13,0.6666666666666666,15,"Newtonian dynamics of particles and systems of particles. Oscillations. Gravity and the central force problem. Lorentz transformations and relativistic dynamics. [Offered: W,S]"
PHYS 275,NSE,Planets,False,False,False,0.7,10,0.45454545454545453,11,0.9230769230769231,13,"Terrestrial and gas giant planets in the Solar System, asteroids and comets. Extrasolar planets and astrobiology. Star and planet formation. [Offered: F]"
PHYS 280,NSE,Introduction to Biophysics,True,False,False,0.8571428571428571,7,0.8333333333333334,6,0.8333333333333334,6,"Introduction to a physical understanding of biological systems at macro and molecular scales. The course is intended for 2nd year science and engineering students and will cover a broad spectrum of topics in biophysics, as well as an introduction to neurobiology, nanotechnology and biotechnology. [Offered: W,S]"
PHYS 334,NSE,Quantum Physics 2,False,False,False,0.3333333333333333,3,1.0,2,1.0,3,"Formalism of quantum mechanics. Operator approach to the harmonic oscillator. Quantum mechanics in three dimensions: Hydrogen atom, angular momentum and spin. Time-independent perturbation theory. Fine structure of hydrogen. Zeeman effect. Identical particles. The variational principle. Ground state of the helium atom. Applications in atomic and molecular physics. [Offered: W]"
PHYS 335,NSE,Condensed Matter Physics,False,False,False,0.0,1,0.0,1,0.0,1,"Overview of condensed matter ordered and disordered systems. Thermodynamic origin of order and phase transitions. Waves. Properties of the solid state. Crystals and fractals. Overview of Fourier Series. Reciprocal lattice. Diffraction. Classical elastic theory of the crystalline state. Electrons in a periodic potential, Band structure and Fermi surface. [Offered: W]"
PHYS 375,NSE,Stars,False,False,False,0.3333333333333333,3,1.0,2,1.0,4,"Stellar distances, masses, ages. Stellar interiors and atmospheres, star formation and evolution. Supernovae, white dwarfs, neutron stars, black holes. [Offered: W]"
PHYS 380,NSE,Molecular and Cellular Biophysics,False,False,True,1.0,2,0.0,2,0.0,2,"Cell structure and molecular composition; intermolecular interactions and hydration; protein structure and function; cytoskeletal filaments; DNA structure, packing and chromosomes; rate equations and biological dynamics (e.g., cytoskeletal polymerization); self-assembly; cell membranes; action potentials and biological electricity; molecular motors; cell motility. [Recommended PHYS 280/BIOL 280. Offered: F, S]"
SCI 238,NSE,Introductory Astronomy,False,False,False,0.7215189873417721,79,0.34210526315789475,76,0.7659574468085106,94,"A survey course in astronomy intended for Mathematics, Engineering and Science students. The solar system, the Sun and planets, stars, the Milky Way, galaxies and cosmology."
ECE 413,TE_4A,Digital Signal and Image Processing,False,False,False,0.36363636363636365,11,0.7142857142857143,7,0.6363636363636364,11,"Discrete Time Fourier Transform; discrete Fourier transform; applications of Fourier analysis to audio, speech, or bio-medical signals; Finite Impulse Response (FIR) and Infinite Impulse Response (IIR) filters; fundamentals of digital images; 2D discrete Fourier transform; image restoration and enhancement. [Offered: S]"
ECE 418,TE_4A,Communications Networks,False,False,False,1.0,2,1.0,2,1.0,2,Introduction to communications networks. Network architecture. Probabilistic description of network Queuing analysis. Packet transmission and error control. Dynamic routing. Media access control. Connection admission and congestion control. Design tradeoffs and performance evaluation. Application examples. [Offered: S]
ECE 429,TE_4A,Computer Architecture,False,False,False,0.125,8,1.0,8,1.0,8,"Organization and performance of conventional uniprocessors, pipelined processors, parallel processors and multiprocessors; memory and cache structures; multiprocessor algorithms and synchronization techniques; special-purpose architectures. [Offered: S]"
ECE 432,TE_4A,Radio Frequency Integrated Devices and Circuits,False,False,False,0.0,1,1.0,1,1.0,1,"An introduction to the theory and practice of Radio Frequency (RF) Integrated Circuit design. Physics and modelling of RF integrated components such as resistor, inductor, capacitor (RLC) passives, diodes, metal oxide semiconductor field-effect transistors (MOSFETs), high electron mobility transistors, hetero-junction bipolar transistors. RF integrated components properties and representation such as short channel effects, noise parameters, transit frequency (ft), maximum frequency of oscillation (fmax), and quality factor.[Offered: S]"
ECE 445,TE_4A,Integrated Digital Electronics,False,False,False,0.8,5,0.8,5,0.8,5,"Review of the Metal-Oxide Semiconductor (MOS) transistor: Static and dynamic behavior, short channel effects, scaling trends, Simulation Program with Integrated Circuit Emphasis (SPICE) models. Complementary Metal-Oxide Semiconductor (CMOS) inverter; combinational CMOS circuit design - logic styles for low power, high performance circuits; sequential CMOS circuit design - flip-flops, pipelines, Schmitt trigger; CMOS arithmetic circuits; interconnect parasitic; clocking and timing considerations in digital Very Large Scale Integration (VLSIs). [Offered: S]"
ECE 452,TE_4A,Software Design and Architectures,False,False,False,0.75,4,0.75,4,1.0,5,"Introduces students to the design, implementation, and evolution phases of software development. Software design processes, methods, and notation. Implementation of designs. Evolution of designs and implementations. Management of design activities."
ECE 454,TE_4A,Distributed Computing,False,False,False,0.21052631578947367,19,0.7368421052631579,19,0.6190476190476191,21,"Principles of distributed computing; architectures and middleware; servers, processes, and virtualization; upper-layer network protocols, interprocess communication and remote procedure calling; concurrency, synchronization and distributed algorithms, dependable distributed systems and fault tolerance. [Offered: S]"
ECE 455,TE_4A,Embedded Software,False,False,False,0.9166666666666666,12,0.5833333333333334,12,0.7692307692307693,13,"Concepts, theory, tools, and practice to understand, design, and write embedded software. This course covers computing elements, structures in embedded software, resource access protocols, uniprocessor scheduling, programming-language support, languages for MDD, worst-case execution time analysis, and overview of embedded distributed systems. [Offered: S]"
ECE 457A,TE_4A,Cooperative and Adaptive Algorithms,False,False,False,0.5263157894736842,38,0.9487179487179487,39,0.9230769230769231,39,"The course starts by addressing the ill-structured problems and need for computational intelligence methods. It introduces the concepts of heuristics and their use in conjunction with search methods, solving problems using heuristics and metaheuristics, constraints satisfaction. The course also introduces the concepts of cooperation and adaptations and how they are influencing new methods for solving complex problems. The course starts by illustrating how the concepts of cooperation and adaptation are manifested in nature and how such models are inspiring new types of solutions methods. Topics to be covered include: search algorithms, game playing, constraints satisfaction, meta-heuristics, evolutionary computing methods, swarm intelligence, ant-colony algorithms, particle swarm methods, adaptive and learning algorithms and the use of these algorithms in solving continuous and discrete problems that arise in engineering applications. [Offered: S]"
ECE 458,TE_4A,Computer Security,False,False,False,0.5833333333333334,12,0.9230769230769231,13,0.8571428571428571,14,"Introduction to computer security. Models of security. Elementary cryptography. Software security, vulnerabilities, threats, defenses and secure-software development processes. Threats to networks and defenses. Security issues at the application layer. Secure design principles, techniques and security evaluation. Privacy, ethics and legal issues. [Offered: S]"
ECE 462,TE_4A,Electrical Distribution Systems,False,False,False,1.0,5,1.0,5,1.0,5,"This course provides the students an understanding of the operation, analysis and design of electric power distribution systems, starting with estimation of the loads on the network to the detail design of the distribution system networks. The primary objective of the course is to provide students with the skills to understand the analytical and design methods and modern tools for solution of problems associated with electric distribution system engineering."
ECE 463,TE_4A,Design & Applications of Power Electronic Converters,False,False,False,0.0,2,1.0,2,0.5,2,"Principles of power conditioning. Switching characteristics of power semiconductor devices. Computer simulation of power electronic circuits. Analysis, design, and applications of power converters. [Offered: S]"
ECE 473,TE_4A,Radio Frequency and Microwave Circuits,False,False,False,1.0,6,1.0,6,0.8333333333333334,6,"Review of transmission line and scattering matrix representation of radiofrequency (RF) circuits, multiport RF networks, modern RF and microwave planar technology, lumped and distributed microstrip circuits, microwave couplers, Hybrids, resonators, filters, Low-noise amplifiers (LNAs), RF oscillators and mixers, CAD tools for RF circuits, Hybrid and monolithic RF circuits. [Offered: S]"
ECE 475,TE_4A,Radio-Wave Systems,False,False,False,1.0,1,1.0,1,1.0,1,"Review of Maxwell's equations and uniform plane waves. Electromagnetic wave propagation, reflection and transmission through different uniform media, metallic waveguides, multilayer structures, radiation theory, transmitting and receiving antenna, antenna arrays and applications, simple radio-wave propagation models, radio transmission systems and wireless networks. [Offered: S]"
ECE 481,TE_4A,Digital Control Systems,False,False,False,0.0,4,1.0,4,0.75,4,"Performance specifications for design. Dynamic system modelling and basic system identification. Dealing with basic nonlinear effects. Sampled data systems. Discrete-time system stability and dynamic performance. Digital control system design: emulation methods, z-domain, frequency domain, pole placement. Implementation of digital controllers. [Offered: S]"
ECE 486,TE_4A,Robot Dynamics and Control,False,False,False,0.5,6,1.0,7,0.8,5,"Homogeneous transformations. Kinematics and inverse kinematics. Denavit-Hartenberg convention. Jacobians and velocity transformations. Dynamics. Path planning, nonlinear control. Compliance and force control. [Offered: S]"
ECE 493,TE_4A,Special Topics in Electrical and Computer Engineering,False,False,False,0.0,0,0.0,0,0.0,0,"Special courses on advanced topics will be offered from time to time, when resources are available. For current offerings, inquire at the ECE Undergraduate Office or check the ECE website."
ECE 406,TE_4B,Algorithm Design and Analysis,False,False,False,1.0,4,1.0,3,1.0,5,"Design and analysis of efficient, correct algorithms. Advanced data structures, divide-and-conquer algorithms, recurrences, greedy algorithms, dynamic programming, graph algorithms, search and backtrack, inherently hard and unsolvable problems, approximation and randomized algorithms, and amortized analysis. [Offered: W]"
ECE 409,TE_4B,Cryptography and System Security,False,False,False,0.0,1,1.0,1,1.0,1,"Introduction to cryptology and computer security, theory of secure communications, points of attack, conventional cryptographic systems, public key cryptographic systems, standards, firewalls, wireless system security, applications. [Offered: W]"
ECE 414,TE_4B,Wireless Communications,False,False,False,0.5,2,1.0,2,1.0,1,Overview of wireless communications including standards. Characterization of mobile radio propagation channels. Signal representations. Transmission and reception techniques for wireless channels. Fundamentals of cellular communications and multiple-access schemes. [Offered: W]
ECE 415,TE_4B,Multimedia Processing and Coding,False,False,False,0.0,1,1.0,1,1.0,1,"Basics of digital images and video, image understanding including edge detection and image segmentation, introduction to video processing, fundamentals of multimedia coding, entropy and information, rate distortion function, Huffman coding, arithmetic coding, run-length coding, Lempel-Ziv coding, quantization, JPEG compression, hybrid video coding, and H.264 coding standards. [Offered: W]"
ECE 416,TE_4B,Advanced Topics in Networking,False,False,False,0.0,0,0.0,0,0.0,0,"This course introduces advanced topics in networking with a focus on applications and wireless technologies. Topics include: Cellular networks (2G, 3G, 4G and beyond), applications (Domain Name System [DNS], Simple Mail Transfer Protocol[SMTP], Post Office Protocol [POP], Internet Message Access Protocol [ IMAP], Hypertext Transfer Protocol [HTTP]) and socket programming, Content-centric networks (content delivery networks, peer-to-peer protocols, data centers, etc.), protocols for multimedia applications (Session Initiation Protocol [SIP], Real-time Transport Protocol [RTP], RTP Control Protocol [RTCP]), emerging technologies (Internet of Things, sensors, software defined networks), policy issues (network neutrality, who controls the Internet?). [Offered W]"
ECE 423,TE_4B,Embedded Computer Systems,False,False,False,0.0,0,0.0,0,0.0,0,"Specification and design of embedded systems, specification languages, hardware/software co-design, performance estimation, co-simulation, verification, validation, embedded architectures, processor architectures and software synthesis, system-on-a-chip paradigm, retargetable code generation and optimization, verification and validation, environmental issues and considerations."
ECE 433,TE_4B,Fabrication Technologies for Micro and Nano Devices,False,False,False,0.0,0,0.0,0,0.0,0,"Processes for Micro and Nano electronic fabrication. Semiconductor crystal growth. Thin films by chemical and physical vapor deposition. Epitaxial growth. Plasma-assisted and wet-chemical etch processes. Nano-structured material synthesis. Junction formation. Dielectric layer growth. Photolithography. Patterning on the nano-scale. Fabrication processes for Transistors, complementary metal-oxide semiconductor (CMOS), and Thin film devices. Micro-electro-mechanical systems (MEMS) technology. Process techniques for Nanoelectronic devices. [Offered: W]"
ECE 444,TE_4B,Integrated Analog Electronics,False,False,False,1.0,1,0.0,1,1.0,1,"Analog electronics exploits the physical behaviour of electronic devices to create electronic systems. The performance of single and multiple transistor amplifying stages are studied. Followed by a study of biasing, current mirror and output stages, which are then combined in the study of operational amplifier circuits. Frequency response and feedback are then reviewed leading to a detailed study of stability and compensation for multistage and operational amplifiers. The course finishes with a look at selected topics from A/D converters, oscillators and phase-locked loops. [Offered: W]"
ECE 457B,TE_4B,Fundamentals of Computational Intelligence,False,False,False,0.25,4,1.0,4,0.75,4,"Introduces novel approaches for computational intelligence based techniques including: knowledge based reasoning, expert systems, fuzzy inferencing and connectionist modeling based on artificial neural networks. The focus is on the use of soft computing approaches to deal effectively with real world complex systems for which their mathematical or physical models are either non-tractable or are difficult to obtain. The main thrust is on designing computationally intelligent systems with human like capabilities in terms of reasoning, learning and adaptation. Tools of computational intelligence could be used in a wide range of engineering applications involving real world problems such as in: planning problems, intelligent control, autonomous robotics, speech understanding, pattern analysis, network design, face recognition, communication systems to name a few. [Offered: W]"
ECE 459,TE_4B,Programming for Performance,False,False,False,0.8,10,0.9,10,0.8888888888888888,9,"Profiling computer systems; bottlenecks, Amdahl's law. Concurrency: threads and locks. Techniques for programming multicore processors; cache consistency. Transactional memory. Streaming architectures, vectorization, and SIMD. High-performance programming languages. [Offered: W]"
ECE 464,TE_4B,High Voltage Engineering and Power System Protection,False,False,False,0.0,0,0.0,0,0.0,0,"The course provides the fundamentals concepts of generation and measurements of high voltage ac, dc, and impulses. Briefly introduces the students to basic conduction and breakdown mechanisms of insulating materials. The scope of this course also includes understanding the basic protection system, studying the principles for protecting different elements and studying different technologies used in designing protective relays. Exposure to several state-of-art high voltage testing techniques of power system components will ensure that students have knowledge of the industrial solutions to the management of the problems associated with overvoltage and the protection mechanisms used. [Offered: W]"
ECE 467,TE_4B,"Power Systems Analysis, Operations and Markets",False,False,False,1.0,1,0.0,0,1.0,1,"This course provides a basic understanding of the main issues relevant to the operation, analysis and management of power grids, and gives an introduction to the functioning of electricity markets. The course covers the following main technical and economic issues relevant to system operators, utilities and analysts: power system economic operations; short-term operation of power systems; power flow; introduction to optimal power flows; overview of electricity markets; fault calculations; and basic concepts in power system stability and control. [Offered: W]"
ECE 474,TE_4B,Radio and Wireless Systems,False,False,False,0.5,2,1.0,2,1.0,2,"Modern transmitter and receiver architectures, Noise and linearity in radio and wireless systems, Design considerations of RF/microwave subsystems, radio and wireless system designs, CAD tools for radio and wireless systems, Antennas, Radio wave propagation models, Indoor radio, Satellite communication, Personal communication systems (PCSs). [Offered: W]"
ECE 477,TE_4B,Photonic Devices and Systems,False,False,False,1.0,1,0.0,1,1.0,1,"Review of Maxwell's equations and electromagnetic plane waves, Dielectric waveguides, Optical fibers, lasers and photonic transmitters, Photodetectors and photonic receivers, optical amplifiers, and photonic systems and networks. [Offered: W]"
ECE 488,TE_4B,Multivariable Control Systems,False,False,False,0.0,1,1.0,1,1.0,1,"Review of feedback control design fundamentals; SISO controller parameterizations; the fundamental effect of MIMO interaction; introduction to state-space models in continuous and discrete time; SISO techniques for MIMO design; optimal control; model-predictive control design; state estimation; decoupling, MIMO PID control design; applications in areas such as aerospace systems. [Offered: W]"
ECE 493,TE_4B,Special Topics in Electrical and Computer Engineering,False,False,False,0.0,0,0.0,0,0.0,0,"Special courses on advanced topics will be offered from time to time, when resources are available. For current offerings, inquire at the ECE Undergraduate Office or check the ECE website."
BME 381,CSE_A,Biomedical Engineering Ethics,True,False,False,0.0,0,0.0,0,0.0,0,"This course explores ethical issues in biomedical engineering practice, including professional ethics, medical ethics, the ethics of human and animal subject use in biomedical research, and the impact of biomedical engineering solutions on society and the environment. [Offered: W, first offered Winter 2017]"
ECE 390,CSE_A,"Engineering Design, Economics, and Impact on Society",False,False,True,0.8888888888888888,27,0.42857142857142855,28,0.1875,32,"Introduction to design-project management, the impact of technology on society and the environment, and engineering economics. [Offered: F, W]"
ENVS 105,CSE_A,Environmental Sustainability and Ethics,False,False,False,0.75,4,0.5,4,0.75,4,"This course examines and evaluates the reasons why the compatibility of commercial activity, ethics and environmental stewardship has been challenged or defended by stakeholders in government, business and civil society organizations. Concepts and activities by which stakeholders describe and debate this compatibility will be discussed. Different cultural perspectives on the compatibility debate will be considered, compared and evaluated. Case studies will test whether and to what extent compatibility may be defended adequately. Private and non-profit enterprises will be considered."
ERS 215,CSE_A,Environmental and Sustainability Assessment I,False,False,False,0.7391304347826086,23,0.6363636363636364,22,0.43478260869565216,23,"An introduction to processes and techniques for incorporating environmental considerations in planning and evaluating proposals for future undertakings that may have significant social and biophysical effects. The course provides an overview of methodologies for, and controversies surrounding, the design and conduct of biophysical and socioeconomic impact studies, and the testing of reported findings. The main focus is on the purposes and design of environmental assessment processes, with particular reference to the Canadian federal and Ontario provincial legal mandates, and the evolution of assessment into a sustainability framework."
ERS 315,CSE_A,Environmental and Sustainability Assessment II,False,False,False,1.0,5,0.6,5,0.8333333333333334,6,"Continuing from concepts developed in ERS 215, this course places more emphasis on case studies and projects by students. The course provides a synthesis of ecological, physical, economic, socio-cultural and institutional concerns, as well as experience in the use of impact assessment methodologies and approaches, as a key element in achieving more informed and responsible decision making."
GEOG 203,CSE_A,Environment and Development in a Global Perspective,False,False,False,0.8695652173913043,23,0.5238095238095238,21,0.5862068965517241,29,"Examines the interface between human development and the environment in a global context. Various perspectives are explored to link environmental issues to wealth, poverty, consumption, population, and economic globalization. Case studies, with an emphasis on developing countries, are used to illustrate linkages."
GEOG 368,CSE_A,Conservation/Resource Management of the Built Environment,False,False,False,0.6666666666666666,6,0.5,6,0.42857142857142855,7,"Consideration of the constraints and guidelines that an application of the principles of ecology places on the planning and management of resources within urban spaces and the implications for urban design. The theory and history of this subject will be discussed together with urban ecomanagement, the management of waste, urban open space and parks, rehabilitated sites, and environmentally sensitive areas."
MSCI 422,CSE_A,Economic Impact of Technological Change and Entrepreneurship,False,False,False,1.0,4,0.3333333333333333,3,0.3333333333333333,3,"This course is designed to analyse the impact of technological change and entrepreneurship at a firm and societal level, primarily in terms of the economic antecedents and consequences of new technology. The scope of the course ranges from the study of the determination of productivity and its effect on economic growth to the determination of innovative activity and performance. Prereq: (One of CIVE 292/392, ECON 101, ENVE 292/392, MSCI 261, SYDE 262) and (One of CHE 220, CIVE 224, ECE 316, ECON 221, ENVE 224, ENVS 278, KIN 222, MSCI 252, ME 202, MTE 201, NE 115/215, PSCI 314, PSYCH 292, REC 371, SDS 250R, SOC 280, STAT 202, 206, 211, 221, 231, 241, SYDE 212) and level at least 3A. [Offered: F]"
MSCI 442,CSE_A,Impact of Information Systems on Organizations and Society,False,False,False,1.0,9,0.25,8,0.6666666666666666,9,"This course is designed to familiarize the student with issues related to the impact of computer-based technologies on individual jobs, organizations, and broader societal level. Particular emphasis will be placed on critical examination of various issues including privacy, security, ethical concern and professional responsibilities. [Offered: W]"
NE 109,CSE_A,Societal and Environmental Impacts of Nanotechnology,False,False,False,1.0,4,0.75,4,0.75,4,"An introduction to the field of nanotechnology and its ability to impact society and affect sustainability. How utilization of nanotechnology has simultaneously improved societal standards of living and introduced new ethical, health, and environmental concerns will be examined. Topics covered will include: the history of changing perceptions of and attention devoted to developments in nanotechnology; special health and environmental concerns associated with nanomaterials; the development and means of implementation of regulations to deal with the use of nanomaterials; ethical issues associated with nanotechnology and its applications. Intellectual property issues in general, and those pertaining to nanotechnology specifically, will also be discussed briefly. Relevant case studies will be presented and discussed. [Offered: F]"
PHIL 226,CSE_A,Biomedical Ethics,False,False,False,0.6470588235294118,34,0.5151515151515151,33,0.6842105263157895,38,"An examination of ethical issues in the health sciences, such as the patient-doctor relationship, reproductive rights and technologies, genetic testing, allocation of medical resources, and end of life decisions."
SOC 232,CSE_A,Technology and Social Change,False,False,False,0.0,4,0.0,2,0.2,5,"The course examines how forms of society influence technological developments and, reciprocally, how society is influenced by technology. It covers such topics as the de-skilling of work, technocracy, communications technology, and cyberspace, from an historical perspective, looking for the unifying features of technologies ranging from Stone Age tools to the microprocessor."
STV 100,CSE_A,"Society, Technology and Values: Introduction",False,False,False,0.8181818181818182,33,0.125,32,0.4594594594594595,37,"This course examines the interaction of the technologies developed by a culture with the values and social organization of that culture. The course exposes students to various definitions of society, technology and values, and it presents alternative views about how the three interact. These views are then applied to a number of spheres of influence, including patterns of employment and the role of work; medicine and health; polity and economy; sustainable development and the environment."
STV 202,CSE_A,Design and Society,False,False,False,0.7666666666666667,30,0.2,30,0.40625,32,"The course uses design as a vehicle for examining technology and society interaction, particularly how we design, create, and choose technology. Design and Society has been created to introduce students to various methods to help them view design and technology from a technology-society perspective. The overriding aims of the course are to (a) develop an ability to see through the eyes of others and promote thinking about technology in terms of users as well as producers or creators, (b) develop critical thinking skills, and (c) present design and the choice of technology as an activity involving societal and individual concerns rather than as a purely technical matter. The course does not require advanced technical knowledge and is open to students of all faculties."
STV 203,CSE_A,Biotechnology and Society,False,False,False,1.0,3,0.3333333333333333,3,0.8,5,"Biotechnologies are currently migrating from the laboratory to a wide range of consumer products. In everything from foods to pharmaceuticals, genetic engineering is entering daily life. The biotechnology revolution will likely have as much of an impact on our lives as the information technology revolution. However, there is a wide and potentially dangerous gap between research and development on the one hand and societal awareness of its impact on the other. This course is intended to help students gain a deeper appreciation for the issues, including ethics, surrounding biotechnology and society. It will do this through an investigation of such interactions between biotechnologies and society as genetics and the law, foods and the media, and soil remediation and the environment. Consideration will also be given to the role of computing in biotech research and in the human genome project."
STV 205,CSE_A,Cybernetics and Society,False,False,False,0.875,16,0.42857142857142855,14,0.7619047619047619,21,"Cybernetics is the study of the interfaces between humans and machines. This course will present an overview of cybernetics from automation and robotics to prosthetics and wearable computing. The roles of men and women in a post-human era will be discussed along with related themes dealing with gender, cyberspace, politics and popular culture."
STV 210,CSE_A,The Computing Society,False,False,False,1.0,2,1.0,2,1.0,2,"This course examines the historical and current relationships between computer technology and society. It explores the impact and consequences of computing from a societal perspective, but also considers various nontechnical factors and values that have shaped computing technology and practice. The scope of the course will range from early mechanical aids, through the mid-20th century invention of electronic digital computers, to the networks and mobile applications of the 21st century. Technological studies relating to gender, education, employment and war will be used as focal points. Material artifacts will form a core element of the course."
STV 302,CSE_A,Information Technology and Society,False,False,False,0.0,1,0.0,0,1.0,1,"The course has been designed to provide a framework or set of intellectual tools to help students understand and evaluate technological change. These tools will be applied to the development of information technology, its interaction with society, and possible future scenarios. Selected topics include understanding digitization as culture, visions of the future and the perils of prediction, as well as issues related to application areas such as the home, manufacturing, office work, design and services, education, and law. The course will also consider some of the privacy and personal dignity issues associated with information technology."
STV 404,CSE_A,Technology in Canadian Society,False,False,False,0.0,0,0.0,0,0.0,0,"The course begins by questioning whether or not there is anything distinctive about Canadian design and its context. Through the use of historical and contemporary cases, this course examines factors influencing design and technology choice in Canada and their outcomes. The future of design is also considered in terms of current trends, issues, challenges and opportunities."
SYDE 261,CSE_A,"Design, Systems, and Society",False,False,False,0.9565217391304348,23,0.38095238095238093,21,0.5,26,"This non-technical course will help students understand how others think about technology and then use this knowledge to make better choices when designing, specifying, choosing and implementing technology. The course includes topics such as: meanings of design and their implications; designed in/designed out analysis; reductionism and integration in design; the limits of objective thinking; alternate ways to define function; content and context; ""we/me/them/it"" analysis; redefining what constitutes acceptable technology; learning from the margins; reading design and understanding system boundaries as being defined by what we do rather than what we say. [Offered: W]"
WS 205,CSE_A,"Gender, Culture and Technology",False,False,False,1.0,2,0.5,2,1.0,3,"This course highlights the social relations that surround and define a range of technologies from household appliances to the internet. Special emphasis will be given to the different ways and contexts in which men and women understand and experience technology as designers, engineers, producers and consumers."
BME 364,CSE_B,Engineering Biomedical Economics,False,False,True,0.0,0,0.0,0,0.0,0,"This course examines key economic issues in health care and biomedical industries. Topics include the market for medical care, health insurance, various models of healthcare delivery and competition and the role of government in policy, financing and delivery of health care. This course will train students to use economic analysis to model and understand the complex interactions between health care delivery, insurance markets, health innovators, governments, and firms. [Offered: F, first offered Fall 2017]"
CIVE 392,CSE_B,Economics and Life Cycle Analysis,False,True,False,0.0,0,0.0,0,0.0,0,"Project financing, life-cycle analysis, time value of money, sensitivity analyses, tax, financial implications of infrastructure projects, quantitative decision making, financial aspects of a business plan. [Offered: S, first offered Spring 2017]"
ECE 390,CSE_B,"Engineering Design, Economics, and Impact on Society",False,False,True,0.8888888888888888,27,0.42857142857142855,28,0.1875,32,"Introduction to design-project management, the impact of technology on society and the environment, and engineering economics. [Offered: F, W]"
GENE 22B,CSE_B,Topics for List B Complementary Studies Courses Taken on Exchange by Engineering Students,False,False,False,0.0,0,0.0,0,0.0,0,"Courses taken at foreign universities by University of Waterloo engineering students while enrolled in an international exchange institution, and reserved for courses without equivalents at the University of Waterloo. These courses are treated as list B complementary studies electives in the student's program. Such courses are reported on the student's transcript with their original titles in English showing as the topic. The grades for these courses will be either CR or NCR."
MSCI 261,CSE_B,Engineering Economics: Financial Management for Engineers,True,False,True,0.8,115,0.35714285714285715,112,0.3046875,128,"Introductory Finance: time value of money, cash flow analysis. Investment evaluation methods: present worth, annual worth and internal rate of return. Depreciation models and asset replacement analysis. The impact of inflation, taxation, uncertainty and risk on investment decisions. [Offered: F,W,S]"
SYDE 262,CSE_B,Engineering Economics of Design,False,False,False,0.8888888888888888,18,0.4444444444444444,18,0.42105263157894735,19,"This course examines a variety of economic factors in Engineering and how they impact design. Topics include business plans, price and output decisions, choosing among alternative inputs, production processes, evaluating alternative investments, equipment service life and depreciation, new products. [Offered: F]"
AFM 131,CSE_D,Introduction to Business in North America,False,False,False,0.5714285714285714,133,0.40336134453781514,119,0.31788079470198677,151,"The functional areas of business: finance, personnel administration, production, marketing, and accounting are examined within differing organizational structures. Coverage also includes study of the principles of effective management and the financial system as a source of corporate capital."
APPLS 205R,CSE_D,Second Language Acquisition,False,False,False,0.5,2,1.0,1,1.0,3,"This course introduces major theories of second language acquisition along with reasons for variations in the speed and accuracy of learner progress. It addresses such issues as error analysis, grammatical accuracy, and the effectiveness of bilingual or immersion education."
APPLS 301,CSE_D,"Language, Culture, and Identity",False,False,False,1.0,2,1.0,1,1.0,1,"This course provides an introductory overview of fundamental concepts of language, culture, and identity and relates them to foreign/second language learning and teaching. The course is not language-specific but rather addresses general questions related to learning and using more than one language."
APPLS 304R,CSE_D,Second Language Teaching Methodology,False,False,False,1.0,1,1.0,1,1.0,1,"This course offers a foundation for developing competence as a professional second language instructor. In classes exploring theories of second language instruction, students discover the strengths and weaknesses of traditional and popular methodologies and integrated approaches applied to such areas as communicative competence and general language skill development."
APPLS 306R,CSE_D,Second Language Assessment and Testing,False,False,False,0.0,0,0.0,0,0.0,0,"This course explores the principles of second language testing - reliability, validity, practicality, authenticity, and impact - and applies them to language classrooms and high stakes proficiency tests such as the TOEFL. It considers the implications of testing for both teachers and students. Of interest to prospective teachers of English and other languages."
BET 100,CSE_D,Essentials of Entrepreneurial Behaviour,False,False,False,0.13333333333333333,15,0.2,15,0.2,15,"This course is applicable to students with differing academic backgrounds, entrepreneurship interests (venture, employee entrepreneurship or social enterprise) and level of program. The core conceptual framework for this course is an entrepreneurship model that allows students to understand and practise the continuum of steps that are associated with the disciplined execution of commercial, green, charitable and employee entrepreneurship. The sequence of online modules address the growing importance of entrepreneurship to the Ontario and Canadian context, how successful entrepreneurs search for ""big ideas"", the process of research, observation and inquiry required at various stages of entrepreneurship development (value proposition, customer identification, channel selection, and resource needs), and the importance of building a business case around promising ideas."
BET 300,CSE_D,Foundations of Venture Creation,False,False,True,1.0,9,1.0,10,1.0,10,"This course provides students with an introduction to the processes involved in moving an idea for a new venture from concept through to launch. The theoretical knowledge and practical skills needed to create a successful small entrepreneurial enterprise are developed. Topics include definition and evaluation of entrepreneurial opportunities, business planning, funding strategies and early-stage revenue models, legal issues and intellectual property protection. [Offered: F, W, S]"
BET 320,CSE_D,Introduction to Commercialization Strategy,False,False,True,0.0,1,1.0,1,1.0,1,"The objective of this course is to provide an understanding of the commercialization process, based on business theory and practice, with a specific focus on assessment of opportunities and development of a business case which may be built around the capstone project. Course content includes business planning in a corporate context, intellectual property strategy, and development of the skills necessary to be successful leading change and launching new ideas in a corporate environment. (Note: Permission of instructor is required. Offered: F,W)"
BET 400,CSE_D,Growing Early-stage Ventures,False,False,False,1.0,1,1.0,1,1.0,1,"This course develops the theoretical knowledge and practical skills needed to successfully manage a start-up venture through its early stages of growth. Topics include managing product development, marketing and brand development strategies, client management and building a business infrastructure that can sustain growth. [Offered: W]"
BET 420,CSE_D,Social Entrepreneurship and Corporate Social Responsibility,True,False,True,0.0,0,0.0,0,0.0,0,"Social entrepreneurship involves the application of business and management principles and skills to solving important social problems in viable and sustainable ways. It can involve the creation of new ventures, or the activities of existing corporations in the social sphere. It can be undertaken by for-profit ventures, not-for-profit organizations, and government. This course will involve the study of both successful and failed social enterprises and corporate social responsibility (CSR) efforts, and cover important principles of social enterprise, the impact of legal forms on the pursuit of social goals, theories of social innovation and social change, and multiple approaches to pursuing social goals in a market economy. [Offered: F,W,S]"
CIVE 491,CSE_D,Engineering Law and Ethics,False,False,False,1.0,1,0.0,1,0.5,2,"Background (Charter of Rights and Freedoms), Contracts, Torts (Negligent Malpractice), Forms of Carrying on Business, Professional Practice (Professional Engineers Act, Joint Practice Rules, Professional Misconduct and Sexual Harassment), Alternate Dispute Resolution, Construction Liens, Intellectual Property (Patents, Trade Marks, Copyrights and Industrial Designs), Labour Relations and Employment Law, Environmental Law. [Offered: S]"
ECE 290,CSE_D,"Engineering Profession, Ethics, and Law",False,False,True,0.6388888888888888,72,0.3492063492063492,63,0.3670886075949367,79,"An introduction to engineering law and ethics: ethical theories, code of ethics and misconduct, whistle blowing, conflict of interest, health and safety, diversity, workplace equity and sexual harassment, environment, Charter of Rights and Freedoms, torts, contract, and intellectual property. Continuation of studies of professional practice: history, Professional Engineers Act and Regulation, licensing, discipline and enforcement. [Offered: F, W]"
ENGL 109,CSE_D,Introduction to Academic Writing,False,False,False,0.7644444444444445,225,0.47706422018348627,218,0.42016806722689076,238,"The course will explore a variety of issues in academic writing such as style, argument, and the presentation of information. Frequent written exercises will be required."
ENGL 129R,CSE_D,Written Academic English,False,False,False,1.0,1,0.0,1,0.5,2,"Designed specifically for students for whom English is not the first language, this writing skills course provides instruction in grammar, sentence and paragraph structure, elements of composition, and academic essay writing, including a focus on theme, development of central ideas, exposition, and argumentation."
ENGL 210E,CSE_D,Genres of Technical Communication,False,False,False,0.0,0,0.0,0,0.0,0,"This course explores writing, presentation, and design across various genres of technical communication, with a primary focus on printed and/or online computer documentation. Other assignments might include white papers, product specifications, help-desk communication, etc."
ENGL 210F,CSE_D,Genres of Business Communication,False,False,False,0.821917808219178,73,0.36486486486486486,74,0.22988505747126436,87,"This course explores the genres of communication in business and other organizations. Students will study and produce instances from several of the following: reports (of several kinds), letters, email messages, marketing materials, public relations materials, and any other types of organizational communication."
EMLS 102R,CSE_D,Clear Communication in English Writing,False,False,False,0.6,10,0.5,10,0.4166666666666667,12,"Designed specifically for students for whom English is not the first language, this course offers sentence-level instruction in grammar and idiom to teach students to produce, evaluate, and edit writing under time constraints. It emphasizes readability and error reduction in sentences and paragraphs."
EMLS 110R,CSE_D,Critical Expression in Canadian Academic Contexts,False,False,False,0.0,0,0.0,0,0.0,0,"Designed specifically for students for whom English is not the first language, this course introduces students to North American academic expectations. Students learn to identify attitude and intent in text, to recognize North American patterns of organization, to select and acknowledge appropriate primary and secondary sources, and to present ideas cohesively in speaking and writing."
EMLS 129R,CSE_D,Written Academic English,False,False,False,0.8333333333333334,18,0.8888888888888888,18,0.6111111111111112,18,"Designed specifically for students for whom English is not the first language, this writing skills course provides instruction in grammar, sentence and paragraph structure, elements of composition, and academic essay writing, including a focus on theme, development of central ideas, exposition, and argumentation."
ENVE 391,CSE_D,Law and Ethics for Environmental Engineers,False,False,False,0.0,0,0.0,0,0.0,0,"Philosophy of environmental controls; introduction to national and international regulatory structures relevant to industrial planning, emissions control, environmental impact assessment, occupational health; stance of government, industry and community pressure groups. Contract law. Professional ethics, including the social responsibility of engineers, conflicts of interest. [Offered: W]"
ENVS 201,CSE_D,Introduction to Canadian Environmental Law,False,False,False,0.3333333333333333,24,1.0,25,0.875,24,"Introduction to the basic legal framework that regulates the natural environment in Canada. The course provides students with an understanding of the foundational legal institutions in Canada and their respective roles in environmental regulation. The course includes both public and private law approaches to environmental regulation, and covers the principal regulatory tools used to protect the environment."
ENVS 401,CSE_D,Aboriginal Law and Natural Resource Development,False,False,False,0.0,1,1.0,1,1.0,1,Detailed consideration of recent developments in Canadian environmental and resources regulatory regimes.
GENE 22D,CSE_D,Topics for List D Complementary Studies Courses Taken on Exchange by Engineering Students,False,False,False,0.0,0,0.0,0,0.0,0,"Courses taken at foreign universities by University of Waterloo engineering students while enrolled in an international exchange institution, and reserved for courses without equivalents at the University of Waterloo. These courses are treated as list D complementary studies electives in the student's program. Such courses are reported on the student's transcript with their original titles in English showing as the topic. The grades for these courses will be either CR or NCR."
GENE 315,CSE_D,Special Directed Non-Technical Studies,False,False,False,0.0,0,0.0,0,0.0,0,"This course is provided for students who, through academic studies during international exchange programs or other university related scholarly activities, wish to request a course credit for this work. Students wishing to claim this credit must show evidence of university level academic activity not otherwise claimed for credit."
GENE 411,CSE_D,Engineering Law and Ethics,False,False,False,0.0,1,0.0,1,0.0,1,"Background (Charter of Rights and Freedoms), Contracts, Torts (Negligent Malpractice), Forms of Carrying on Business, Intellectual Property (Patents, Trade Marks, Copyrights and Industrial Designs), Professional Practice (Professional Engineers Act, Professional Misconduct and Sexual Harassment), Alternate Dispute Resolution, Labour Relations and Employment Law, Environmental Law. [Offered: W]"
GENE 415,CSE_D,Special Directed Non-Technical Studies,False,False,False,0.0,0,0.0,0,0.0,0,"This course is provided for students who, through academic studies during international exchange programs or other university related scholarly activities, wish to request a course credit for this work. Students wishing to claim this credit must show evidence of university level academic activity not otherwise claimed for credit."
KIN 155,CSE_D,Introduction to Neuroscience for Kinesiology,False,False,False,0.43333333333333335,30,1.0,28,0.9090909090909091,33,"An introduction to the principles of the nervous system control of movement, cognition and learning. The course will introduce the basic structure and function of the nervous system as it relates to understanding the control of movement and behaviour. The course will provide a foundation for understanding the neural mechanisms of learning, recovery from injury to the nervous system and the factors that determine skilled performance."
MSCI 262,CSE_D,Managerial and Cost Accounting,False,False,False,0.8888888888888888,9,0.8571428571428571,7,0.3,10,"This course provides students with an understanding of how costs are calculated and allocated within an organization. The focus is on developing an understanding of how all aspects of engineering impact the cost structure of an organization, and how these costs are analyzed and used in corporate planning and decision making processes. [Offered: F]"
MSCI 421,CSE_D,Strategic Management of Technology,False,False,False,1.0,1,1.0,1,1.0,1,"This course covers (a) the competitive strategy that a firm uses in its product markets, and (b) the firm's organizational strategy, i.e., how the firm organizes to meet its objectives. The course will be taught from an economic perspective, but findings from other social sciences will also be presented along with their impact on the strategy-making and implementation process. A special focus will be placed on technology firms. [Offered: S]"
MSCI 454,CSE_D,Technical Entrepreneurship,False,False,False,0.8333333333333334,6,0.6666666666666666,6,0.5,6,"Technical entrepreneurship is examined considering the role of independent business, entrepreneurial behaviour, types of business and enterprises, business structure, sources of venture concepts and capital, company operation and control, and business start-up. [Offered: W]"
ME 401,CSE_D,Law for the Professional Engineer,False,False,False,1.0,2,1.0,2,1.0,2,"The Canadian Legal System, Forms of Business Organizations, Tort Law, the role of the professional; Contract Law, the Elements of a Contract, Statute of Frauds, Misrepresentation, Duress and Undue Influence, Mistake, Contract Interpretation, Discharge of Contract; Breach of Contract and fundamental breach; Agreements between the client and Engineer; General Law, the Mechanics' Lien Act, comparative discussion of the Professional Engineers Act as it relates to the earlier statute, Intellectual Property and Industrial Property. It is intended to prepare the student for the examination in law which must be written for licensing by Professional Engineers Ontario (PEO)."
MUSIC 100,CSE_D,Understanding Music,False,False,False,0.7931034482758621,29,0.15789473684210525,19,0.5172413793103449,29,"The styles, forms, techniques, and terminology of Western music through lectures and listening, as exemplified by great works from all eras of music history."
MUSIC 231,CSE_D,Music Cognition,False,False,False,0.0,0,0.0,0,0.0,0,"The study of music from a behavioural science perspective. Topics include auditory perception, creativity and aesthetic experience, emotive human responses, and the social psychology of music activities. Recent research in the field of music cognition will be explored in detail."
MUSIC 240,CSE_D,Introduction to Jazz,False,False,False,1.0,3,0.6666666666666666,3,1.0,3,"A survey of the development of jazz schools and individual styles as well as a study of melodic, harmonic and rhythmic improvisation. Styles will be demonstrated through recordings and live performance."
MUSIC 246,CSE_D,Soundtracks: Music in Film,False,False,False,1.0,16,0.35714285714285715,14,0.875,16,"An examination of the techniques, styles, and functions of music in film, and how music interacts with image and narrative to create meanings. Weekly screenings of films selected from the 1930's to the present."
MUSIC 254,CSE_D,Monteverdi to Mozart: Music from 1600-1800,False,False,False,1.0,3,0.5,2,1.0,4,"A study of Baroque and Classical music of the 17th and 18th centuries in cultural, political, and artistic contexts. Topics include the development of opera, choral music, symphony, sonata, and the music of Monteverdi, Bach, Handel, Mozart, and others."
MUSIC 255,CSE_D,The Romantic Century: Beethoven and Beyond,False,False,False,0.0,0,0.0,0,0.0,0,"A study of music of the 19th century in cultural, political, and artistic contexts. Topics include the development of principal forms in the music of Beethoven, Schubert, Schumann, Liszt, Chopin, Wagner, Verdi, Brahms, Bruckner, and others."
MUSIC 260,CSE_D,The Symphony,False,False,False,1.0,1,0.0,0,1.0,1,"A survey of the great symphonies from Haydn to Stravinsky, through lectures and listening. A portion of the course will be devoted to works being performed by the Kitchener-Waterloo Symphony Orchestra during the term."
MUSIC 361,CSE_D,Art Song,False,False,False,0.0,0,0.0,0,0.0,0,A study of the music written for solo voice from the 17th century to the present.
PHIL 145,CSE_D,Critical Thinking,False,False,False,0.7777777777777778,81,0.7792207792207793,77,0.7422680412371134,97,"An analysis of basic types of reasoning, structure of arguments, critical assessment of information, common fallacies, problems of clarity and meaning."
PHIL 200J,CSE_D,Aristotelian Logic,False,False,False,0.0,3,0.0,1,0.0,2,"An introduction to the understanding of how words are used, the formation of propositions, the construction of arguments and the examination of fallacies to help the student argue with order, facility and without error."
PHIL 216,CSE_D,Probability and Decision Making,False,False,False,0.75,4,0.75,4,1.0,4,"This course covers a set of related topics in probability, inductive reasoning, game theory and decision theory which are of both theoretical and practical interest, having application to the philosophy of science, epistemology, political philosophy, ethics, political science, and economics. The course begins with probability theory, introduces utility theory, and discusses approaches to the theory of decision making with attention to their epistemological, social, and ethical implications."
PHIL 256,CSE_D,Introduction to Cognitive Science,False,False,False,0.5833333333333334,12,0.7,10,0.9090909090909091,11,"Cognitive science is the interdisciplinary study of mind and intelligence. This course will draw on philosophy, psychology, artificial intelligence, linguistics, neuroscience, and anthropology to address central questions about the nature of thinking. Topics discussed will include mental representation, computational models of mind, and consciousness."
PHIL 359,CSE_D,Philosophy of Mathematics,False,False,False,0.0,1,0.0,0,1.0,1,"A study of philosophical problems concerning mathematics. Topics discussed include formalism, intuitionism, logicism, the mathematical paradoxes, and other topics in foundations and metamathematics."
PSYCH 256,CSE_D,Introduction to Cognitive Science,False,False,False,0.5,10,0.8571428571428571,7,0.7272727272727273,11,"Cognitive science is the interdisciplinary study of mind and intelligence. This course will draw on philosophy, psychology, artificial intelligence, linguistics, neuroscience, and anthropology to address central questions about the nature of thinking. Topics discussed will include mental representation, computational models of mind, and consciousness."
PSYCH 307,CSE_D,Human Neuropsychology,False,False,False,0.5,4,1.0,3,1.0,3,"An introduction to current human experimental neuropsychology. The course will review evidence for brain-behaviour interactions obtained from studies of human brain damage and from investigations of the normal brain. Topics such as the representation of language, hemispheric specialization, memory, spatial ability, dyslexia, movement disorders and affective disorders will be considered."
PSYCH 312,CSE_D,Learning Disabilities,False,False,False,1.0,3,0.6666666666666666,3,0.6666666666666666,3,A critical examination of the concept of learning disability and of current issues in the assessment and remediation of learning problems.
PSYCH 317,CSE_D,Child Psychopathology,False,False,False,1.0,1,1.0,1,1.0,1,An examination of children's psychological disorders from several major perspectives with an emphasis on current research findings. Theoretical and clinical issues are considered.
REC 100,CSE_D,Introduction to the Study of Recreation and Leisure,False,False,False,0.9705882352941176,34,0.7142857142857143,28,0.7222222222222222,36,"An overview of the broad field of recreation and leisure emphasizing the understanding of various leisure phenomena. As such, it provides the student with an introductory understanding of the nature and scope of leisure, leisure behaviour and affiliated recreation activity."
RS 131,CSE_D,Classical Hebrew 1,False,False,False,0.0,0,0.0,0,0.0,0,"Biblical Hebrew for beginners. A study of the alphabet, and some of the basic vocabulary and grammar of the language."
RS 132,CSE_D,Classical Hebrew 2,False,False,False,0.0,0,0.0,0,0.0,0,A continuation of RS 131/JS 105A. Most of the rules of grammar will be covered in this course and students will begin to read texts in the original language.
RS 133,CSE_D,New Testament Greek 1,False,False,False,0.0,1,0.0,1,0.0,0,An introduction to Greek grammar with appropriate grammatical exercises and development of vocabulary.
RS 134,CSE_D,New Testament Greek 2,False,False,False,0.0,0,0.0,0,0.0,0,The completion of the study of Greek grammar and syntax with appropriate exercises and translation of various texts of the Greek New Testament.
RS 233,CSE_D,Intermediate New Testament Greek,False,False,False,0.0,0,0.0,0,0.0,0,"Readings in the New Testament, in the Septuagint, Papyri and the Apostolic Fathers. Advanced grammar and syntax arising from the readings."
SPCOM 223,CSE_D,Public Speaking,False,False,False,0.7012987012987013,154,0.7610062893081762,159,0.7572254335260116,173,"Theory and practice of public speaking. A workshop course involving design and delivery of various kinds of speeches, and the development of organizational, vocal, listening and critical skills. Students will be videotaped."
